{"cameraMode":{"drawMode":0,"name":"Shaded","section":"Shading Mode"},"sceneLighting":true,"audioPlay":false,"sceneViewState":{"showFog":true,"showMaterialUpdate":false,"showSkybox":true,"showFlares":true,"showImageEffects":true,"showParticleSystems":true},"in2DMode":false,"pivot":{"x":40.07185363769531,"y":-26.436988830566408,"z":30.69698715209961},"rotation":{"x":-0.34962281584739687,"y":-0.3427170515060425,"z":0.13920213282108308,"w":-0.8607919216156006},"size":35.369422912597659,"orthographic":false}