{"cameraMode":{"drawMode":0,"name":"Shaded","section":"Shading Mode"},"sceneLighting":true,"audioPlay":false,"sceneViewState":{"showFog":true,"showMaterialUpdate":false,"showSkybox":true,"showFlares":true,"showImageEffects":true,"showParticleSystems":true},"in2DMode":false,"pivot":{"x":29.873931884765626,"y":3.8528454303741457,"z":13.275564193725586},"rotation":{"x":-0.012406074441969395,"y":0.7243755459785461,"z":-0.013041157275438309,"w":-0.6891741752624512},"size":1.5521955490112305,"orthographic":false}