{"cameraMode":{"drawMode":0,"name":"Shaded","section":"Shading Mode"},"sceneLighting":true,"audioPlay":false,"sceneViewState":{"showFog":true,"showMaterialUpdate":false,"showSkybox":true,"showFlares":true,"showImageEffects":true,"showParticleSystems":true},"in2DMode":false,"pivot":{"x":1.3428928852081299,"y":21.78789520263672,"z":-0.509943962097168},"rotation":{"x":0.3820178508758545,"y":0.43961378931999209,"z":-0.21415485441684724,"w":0.7841987609863281},"size":0.8660283088684082,"orthographic":false}