{"cameraMode":{"drawMode":0,"name":"Shaded","section":"Shading Mode"},"sceneLighting":true,"audioPlay":false,"sceneViewState":{"showFog":true,"showMaterialUpdate":false,"showSkybox":true,"showFlares":true,"showImageEffects":true,"showParticleSystems":true},"in2DMode":false,"pivot":{"x":36.58442687988281,"y":-14.14801025390625,"z":20.44437026977539},"rotation":{"x":-0.33667513728141787,"y":-0.5705819129943848,"z":0.2758413553237915,"w":-0.6964209675788879},"size":37.199344635009769,"orthographic":false}