{"cameraMode":{"drawMode":0,"name":"Shaded","section":"Shading Mode"},"sceneLighting":true,"audioPlay":false,"sceneViewState":{"showFog":true,"showMaterialUpdate":false,"showSkybox":true,"showFlares":true,"showImageEffects":true,"showParticleSystems":true},"in2DMode":false,"pivot":{"x":35.31262969970703,"y":4.62115478515625,"z":33.35902786254883},"rotation":{"x":0.18950045108795167,"y":-0.1667056530714035,"z":0.032666511833667758,"w":0.9670760035514832},"size":3.9839236736297609,"orthographic":false}