{"cameraMode":{"drawMode":0,"name":"Shaded","section":"Shading Mode"},"sceneLighting":true,"audioPlay":false,"sceneViewState":{"showFog":true,"showMaterialUpdate":false,"showSkybox":true,"showFlares":true,"showImageEffects":true,"showParticleSystems":true},"in2DMode":false,"pivot":{"x":6.497651100158691,"y":7.815025329589844,"z":-1.2537999153137208},"rotation":{"x":0.20993676781654359,"y":-0.4933740496635437,"z":0.12401915341615677,"w":0.8349640965461731},"size":8.084221839904786,"orthographic":false}