{"cameraMode":{"drawMode":0,"name":"Shaded","section":"Shading Mode"},"sceneLighting":false,"audioPlay":false,"sceneViewState":{"showFog":true,"showMaterialUpdate":false,"showSkybox":false,"showFlares":true,"showImageEffects":true,"showParticleSystems":true},"in2DMode":false,"pivot":{"x":28.244647979736329,"y":22.687185287475587,"z":29.935640335083009},"rotation":{"x":0.1698562651872635,"y":-0.8160589933395386,"z":0.29768863320350649,"w":0.465505450963974},"size":1.416154384613037,"orthographic":false}