{"cameraMode":{"drawMode":0,"name":"Shaded","section":"Shading Mode"},"sceneLighting":false,"audioPlay":false,"sceneViewState":{"showFog":true,"showMaterialUpdate":false,"showSkybox":false,"showFlares":true,"showImageEffects":true,"showParticleSystems":true},"in2DMode":false,"pivot":{"x":2.0899999141693117,"y":0.621999979019165,"z":5.03000020980835},"rotation":{"x":0.15160734951496125,"y":-0.4505508542060852,"z":0.07796520739793778,"w":0.8763626217842102},"size":0.8660253882408142,"orthographic":false}