{"cameraMode":{"drawMode":0,"name":"Shaded","section":"Shading Mode"},"sceneLighting":true,"audioPlay":false,"sceneViewState":{"showFog":true,"showMaterialUpdate":false,"showSkybox":true,"showFlares":true,"showImageEffects":true,"showParticleSystems":true},"in2DMode":false,"pivot":{"x":24.722999572753908,"y":3.1600000858306886,"z":24.624000549316408},"rotation":{"x":0.20241166651248933,"y":0.16971348226070405,"z":-0.0356411337852478,"w":0.963826060295105},"size":36.569976806640628,"orthographic":false}