{"cameraMode":{"drawMode":0,"name":"Shaded","section":"Shading Mode"},"sceneLighting":true,"audioPlay":false,"sceneViewState":{"showFog":true,"showMaterialUpdate":false,"showSkybox":true,"showFlares":true,"showImageEffects":true,"showParticleSystems":true},"in2DMode":false,"pivot":{"x":26.250808715820314,"y":2.388982057571411,"z":25.71510887145996},"rotation":{"x":0.12792104482650758,"y":0.5111567378044128,"z":-0.07725366950035095,"w":0.8463985919952393},"size":2.433971643447876,"orthographic":false}