{"cameraMode":{"drawMode":0,"name":"Shaded","section":"Shading Mode"},"sceneLighting":true,"audioPlay":false,"sceneViewState":{"showFog":true,"showMaterialUpdate":false,"showSkybox":true,"showFlares":true,"showImageEffects":true,"showParticleSystems":true},"in2DMode":false,"pivot":{"x":19.2255859375,"y":-14.01953125,"z":16.290145874023439},"rotation":{"x":0.5146653056144714,"y":0.48527154326438906,"z":-0.49408596754074099,"w":0.5054835081100464},"size":39.068321228027347,"orthographic":true}