{"cameraMode":{"drawMode":0,"name":"Shaded","section":"Shading Mode"},"sceneLighting":true,"audioPlay":false,"sceneViewState":{"showFog":true,"showMaterialUpdate":false,"showSkybox":true,"showFlares":true,"showImageEffects":true,"showParticleSystems":true},"in2DMode":false,"pivot":{"x":24.709999084472658,"y":5.0,"z":24.8799991607666},"rotation":{"x":-0.002618751022964716,"y":0.9946771860122681,"z":-0.10030118376016617,"w":-0.02538025937974453},"size":5.107395172119141,"orthographic":false}