{"cameraMode":{"drawMode":0,"name":"Shaded","section":"Shading Mode"},"sceneLighting":false,"audioPlay":false,"sceneViewState":{"showFog":true,"showMaterialUpdate":false,"showSkybox":false,"showFlares":true,"showImageEffects":true,"showParticleSystems":true},"in2DMode":false,"pivot":{"x":10.270037651062012,"y":4.912635803222656,"z":11.782308578491211},"rotation":{"x":0.1513797789812088,"y":0.6370099782943726,"z":-0.13019630312919618,"w":0.7446624040603638},"size":0.5655117034912109,"orthographic":false}