{"cameraMode":{"drawMode":0,"name":"Shaded","section":"Shading Mode"},"sceneLighting":false,"audioPlay":false,"sceneViewState":{"showFog":true,"showMaterialUpdate":false,"showSkybox":false,"showFlares":true,"showImageEffects":true,"showParticleSystems":true},"in2DMode":false,"pivot":{"x":28.93811798095703,"y":3.2477755546569826,"z":25.49750328063965},"rotation":{"x":-0.002618751022964716,"y":0.9946771860122681,"z":-0.10030118376016617,"w":-0.02538025937974453},"size":1.0997906923294068,"orthographic":false}