{"cameraMode":{"drawMode":0,"name":"Shaded","section":"Shading Mode"},"sceneLighting":false,"audioPlay":false,"sceneViewState":{"showFog":true,"showMaterialUpdate":false,"showSkybox":false,"showFlares":true,"showImageEffects":true,"showParticleSystems":true},"in2DMode":false,"pivot":{"x":2.158311128616333,"y":1.468475341796875,"z":4.857461452484131},"rotation":{"x":-0.0033633059356361629,"y":-0.9936957359313965,"z":0.10773897171020508,"w":-0.03101644106209278},"size":0.8660253882408142,"orthographic":false}