{"cameraMode":{"drawMode":0,"name":"Shaded","section":"Shading Mode"},"sceneLighting":false,"audioPlay":false,"sceneViewState":{"showFog":true,"showMaterialUpdate":false,"showSkybox":false,"showFlares":true,"showImageEffects":true,"showParticleSystems":true},"in2DMode":false,"pivot":{"x":2.0899999141693117,"y":1.4769999980926514,"z":5.03000020980835},"rotation":{"x":0.06743508577346802,"y":-0.02095031552016735,"z":0.0014176461845636368,"w":0.997512936592102},"size":0.6024803519248962,"orthographic":false}