{"cameraMode":{"drawMode":0,"name":"Shaded","section":"Shading Mode"},"sceneLighting":false,"audioPlay":false,"sceneViewState":{"showFog":true,"showMaterialUpdate":false,"showSkybox":false,"showFlares":true,"showImageEffects":true,"showParticleSystems":true},"in2DMode":false,"pivot":{"x":22.755481719970704,"y":4.713272571563721,"z":24.743450164794923},"rotation":{"x":-0.2808031141757965,"y":0.6487260460853577,"z":-0.28035709261894228,"w":-0.6494879126548767},"size":3.198801040649414,"orthographic":false}