{"cameraMode":{"drawMode":0,"name":"Shaded","section":"Shading Mode"},"sceneLighting":false,"audioPlay":false,"sceneViewState":{"showFog":true,"showMaterialUpdate":false,"showSkybox":false,"showFlares":true,"showImageEffects":true,"showParticleSystems":true},"in2DMode":false,"pivot":{"x":27.61800193786621,"y":7.817215442657471,"z":10.957582473754883},"rotation":{"x":-0.30578067898750307,"y":-0.6239222288131714,"z":0.29000699520111086,"w":-0.6581988334655762},"size":0.15448106825351716,"orthographic":false}