{"cameraMode":{"drawMode":0,"name":"Shaded","section":"Shading Mode"},"sceneLighting":true,"audioPlay":false,"sceneViewState":{"showFog":true,"showMaterialUpdate":false,"showSkybox":true,"showFlares":true,"showImageEffects":true,"showParticleSystems":true},"in2DMode":false,"pivot":{"x":-2.8308143615722658,"y":5.593509197235107,"z":5.215959548950195},"rotation":{"x":0.07608358561992645,"y":0.7976022958755493,"z":-0.10231728106737137,"w":0.5901591777801514},"size":1.2247447967529297,"orthographic":false}